Commodity,Variety_Count,Varieties
Absinthe,1,chirayta
Ajwan,3,"Ajwan, Celery-Organic, Other"
Alasande Gram,2,"Alasande Gram, Other"
Almond (Badam),2,"Almond (Badam), Other"
Alsandikai,2,"Alsandikai, Other"
Amaranthus,4,"Amaranth Greens-Organic, Amaranthus, Cholai Bhaji, Other"
Ambada Seed,2,"Ambada Seed, Other"
Ambady/Mesta,2,"Ambadi/Mesta, Ambady/Mesta-Organic"
Ambady/Mesta/Patson,2,"Ambadi/Mesta, Ambady/Mesta-Organic"
Amla (Nelli Kai),2,"Amla, Other"
Amphophalus,2,"Amphophalus, Other"
Amranthas Red,3,"Chawli Lal, Organic, Other"
Antawala,2,"Antawala, Other"
Anthorium,2,"Anthorium, Other"
Apple,24,"American, Apple, Condition, Creamjon, Delicious, Fanny, French, Golden, Hajratbali, Kalidevi, Kasmir/Shimla - II, Kesri, Kullu Delicious, Kullu Royal Delicious, Maharaji, Other, Radha Krishni, Red Gold, Red June, Rich Red, Rizakwadi, Royal Delicious, Royal Mishri, Simla"
Apricot (Jardalu/Khumani),2,"Apricot (Jardalu/Khumani), Other"
Arecanut (Betelnut/Supari),27,"Bette, Bilegotu, Chali, Chippu, Churu, Cochin, Cqca, EDI, Factory, Gorabalu, Kempugotu, Kole, Malbar, New Variety, Other, Pudi, Pylone, Rashi, Raw, Red, Ripe, Saraku, Sippegotu, Supari, Tattibettee, White, api"
Arhar (Tur/Red Gram)(Whole),28,"777 New Ind, 777 New Vasad Imp, AL-201, Angoor New, Angur Imp, Arhar (Whole), Arhar Dal (Tur), Big (Bhopal) (Split), Desi (Whole), F.A.Q. (Whole), Gujarat Shivling Imp, Gulbarga Medium, Gulbarga Phatka New, Hybrid, Local, Malka, Masuri (W-S), Medium, Ordinary (Split), Other, PPII-4, Phatka (Medium), Red, Shivling Imp New, Shivling New Ind, Small (Whole), Tur/Arhar-Organic, U.P. (Split)"
Arhar Dal (Tur Dal),7,"777 New Ind, Arhar Dal (Tur), Gulbarga Phatka New, Medium, Ordinary (Split), Other, U.P. (Split)"
Asalia,3,"Asalia, Asalia-Organic, Other"
Ashgourd,3,"Ashgourd, Gouard, Other"
Ashwagandha,2,"Ashwagandha, Ashwagandha-Organic"
Asparagus,1,Asparagus
Astera,2,"Astera, Other"
Avare Dal,5,"Avare (W-S), Avare (Whole), Bidar, Madan Sakkare, Other"
BOP,1,Other
Bael,2,"Bell, Other"
Bajra (Pearl Millet/Cumbu),16,"Bold, Deshi, Hybrid, Hybrid CH-1, Hybrid-2, Jawari, Local, MH-179, Millet, Millet-Organic, Other, PCB-138, PHB-47, Pattu Bajra (Sweet), Perry, Small"
Balekai,1,Other
Bamboo,2,"Bamboo, Other"
Banana,26,"Amruthapani, Banana - Ripe, Banana-Organic, Besrai, Bhushavali (Pacha), Chakkarakeli (Red), Chakkarakeli (White), Champa, Desi (Bontha), Elakki Bale, Harichal, Karpura, Khandesh, Medium, Nauti Bale, Nendra Bale, Ordinary Big, Other, Pachha Bale, Palayamthodan, Poovan, Rasa Bale, Rasakathai, Red Banana, Robusta, Tellachekkarakeli"
Banana - Green,2,"Banana - Green, Other"
Barley (Jau),11,"Barley, Barley-Organic, Dara, Deshi, Hybrid, Local, Other, P1-426, PL-171, PL-172, PL-419"
Bay leaf (Tejpatta),1,Other
Beans,5,"Beans (Whole), Hybrid, Local, Other, Sem /Semi"
Beaten Rice,5,"Beaten Rice, Bhagyalakshmi, Medium Fine, Other, Paper"
Beetroot,3,"Beetroot, Organic, Other"
Bengal Gram (Gram)(Whole),40,"999, Average (Whole), Bengal Gram (Split), Bengal Gram Dal, Bidar, Bold, C-235, CPF-2, Chana Gulabi, Chana Kaala, Chana Kabuli, Chana Kanta, Chana mausami, Chapa, Desi (F.A.Q. Split), Desi (Whole), GL-769, Gadag, Good (whole), Gram, Gulabi, Gulbarga Imp, II Sort (Split), Jawari/Local, Kabal (Split), Kabul, Kabul Extra Bold, Kabul Small, Kanta, L-550, Medium, Ordinary (Split), Organic, Other, PBC-1, PDC-3, Small (Split), Superior (Whole), White (Whole), White (whole)"
Bengal Gram Dal (Chana Dal),10,"100Kg, Bengal Gram (Split), Bengal Gram Dal, Desi (F.A.Q. Split), Kabal (Split), Kota, Medium, Ordinary (Split), Other, Small (Split)"
Ber (Zizyphus/Borehannu),2,"Ber (Zizyphus), Other"
Betal Leaves,4,"Ambadi, Local, Mysore, Other"
Betelnuts,1,Other
Bhindi (Ladies Finger),2,"Bhindi, Other"
Bhui Amlaya,1,Bhuai Amlai
Big Gram,2,"Big Gram, Other"
Binoula,2,"Binoula, Other"
Bitter gourd,4,"Bitter Gourd, Bitter Gourd-Organic, Kareli, Other"
Black Gram (Urd Beans)(Whole),24,"Black Gram (Whole), Black Gram Dal, D. Horse Indoor, Desi, FQ (Burma), Fine, Hanuman A1, Hanuman Guntur, Hybrid, Imported, Jalgaon, Khamgaon (Akola), Local, Medium, Mogan Best, Mogan Medium, Organic, Other, Rajkot T-9, SQ (Burma), Stdvar, Urda/Urd, Urid Gola Deer Double, Urid Gola G. Deer"
Black Gram Dal (Urd Dal),5,"Black Gram Dal, Fine, Local, Medium, Other"
Black pepper,6,"Garbled, Malabar, Office, Other, Thekken, Ungrabled"
Borehannu,2,"Borehannu, Other"
Bottle gourd,3,"Bottle Gourd, Bottle gourd-Organic, Other"
Brahmi,1,Brahmi
Bran,3,"Bran, Moong Chunni, Other"
Brinjal,11,"Arkasheela Mattigulla, Brinjal, Eggplant-Organic, Irangeri, Kengeri, Malakura, Mattigulla, Other, Round, Round/Long, West Coast Round"
Broken Rice,5,"1st Raw, 2nd Steam, Broken Rice, Fine, Other"
Broomstick (Flower Broom),2,"Broomstick (Flower Broom), Other"
Bull,2,"Bull, Other"
Bullar,3,"Bullar-S, Bullar-W, Other"
Bunch Beans,2,"Bunch Beans, Other"
Butter,2,"Butter, Other"
Cabbage,3,"Cabbage, Organic, Other"
Calendula,1,Calendula
Calf,2,"Calf, Other"
Cane,2,"Cane, Other"
Capsicum,2,"Capsicum, Other"
Cardamom,1,Other
Cardamoms,12,"Big, Green, Green 6.5 mm, Green 7 mm, Green 7.5 mm, Green 8 mm, Green Medium, Large, Mix, Other, Panbar, Small"
Carnation,2,"Cornation, Other"
Carrot,3,"Carrot, Other, Pusakesar"
Cashew Kernnel,3,"Cashew Kernnel, Cashewnut, Other"
Cashewnuts,9,"320 Counts, American (Raw) without Shell, J.H., Jambu, Kernel, L.W.P., Local (Raw), Other, S.W."
Castor Oil,2,"Castor Oil, Other"
Castor Seed,4,"Caster, Castor seed, Organic, Other"
Cauliflower,9,"African Sarson, Cauliflower, GSL-1, GSL-2, Local, Other, PC-5, PGSH-51, Ranchi"
Chakotha,2,"Chakootha, Other"
Chapparad Avare,2,"Chapparada Avarekai, Other"
Chennangi (Whole),2,"Chennangi (W), Other"
Chennangi Dal,5,"Chennangi Dal, Gram Chapa, Gram Kata, Local/Jawari, Other"
Cherry,2,"Cherry, Other"
Chikoos (Sapota),2,"Other, Sapota"
Chili Red,9,"Bold, Degi Mirchi, Dry, Dry Sup, Geeli Mirchi, Grade II, Other, Parry, Red"
Chilly Capsicum,2,"Chilly Capsicum, Other"
Chow Chow,2,"Chow Chow, Other"
Chrysanthemum,2,"Chrysathemum (Loose), Other"
Chrysanthemum (Loose),2,"Chysanthemum (Loose), Other"
Cinamon (Dalchini),2,"Cinamon (Dalchini), Other"
Cloves,1,Other
Cluster beans,2,"Cluster Beans, Other"
Coca,1,Other
Cock,6,"Boiler/Firm (White), Boiler/Firm (White-Brown), Deshi, Layear, Local, Other"
Cocoa,1,Other
Coconut,10,"Big, Coconut, Grade- II, Grade-I, Grade-III, IISort without Husk, Imported, Medium, Other, Small"
Coconut Oil,3,"Copra Oil, Other, Refind Copra Oil"
Coconut Seed,2,"Coconut Seed, Other"
Coffee,3,"Other, Plantation A, Robchy AB"
Colacasia,4,"Arabi, Colacasia, Organic, Other"
Copra,7,"Ball, Copra, Medium, Milling Copra, Other, Small, other"
Coriander (Leaves),6,"Coriander, Coriander-Organic, I Sort, Local, Mota, Small, Other"
Corriander seed,8,"A-1, Green, Badami Steam, Broken Vadap, Coriander Seed, Eagle, Full Green, Medium Green, Other"
Cotton,109,"170-C2 (Ginned), 170-CO2 (Unginned), 320F, A-51-9 24mm. FIne, A.C. 122- H4, A.K. 235 (Ginned), A.K. 235 (Unginned), Aka-1 (Unginned), American, Assam Comilla, Bengal Deshi (A) FIne, Bramha, Bunny, CJ 73 22mm FIne, CO-2 (Unginned), CO2 (Ginned), Cotton (Ginned), Cotton (Unginned), Cotton US, DCH-32 (Ginned), DCH-32 (Unginned), DIGVIJAY 24mm, Superfine, Desi, F-1054, F-1378, F-505, F-846, Farm (Ginned), Farm (Unginned), Farm PCG, G-6, G.Cot-13, G.Cot-21, GCH, Ginned Cotton, H 420, H-4 (A) 27mm FIne, H-6, H-777, H.B (Ginned), H.B (Unginned), H.Y.4 (Unginned), H4, HB6, Hampi (Ginned), Hampi (Unginned), Hy-4 (Ginned), J-34, J3H, JKH 25, Jarilla (Ginned), Jarilla (Unginned), Jayadhar, Jayadhar (Ginned), Jayadhar (Unginned), Jayadhar 23mm-FIne, Jayalakshmi (Unginned), Kapas (Adoni), Krishna, L 147, L-K, LD-230, LD-327, LD-491, LDH-11, LH-1556, LH-900, LRA, LRA (Ginned), Laxmi, Laxmi (Ginned), Laxmi (Unginned), Lh-1134, Local, Long fiber, MCU, MCU 5, MCU-5 (A) 31mm FIne, MCU-7, MECH-1, MECH-4, Mahico, Mector, Medium Fiber, Mungari (Ginned), Mungari (Unginned), N-44, Narma BT Cotton, Other, PCO2, R-51 (Ginned), R-51 (Unginned), R.G.J-34 24mm-Fine, RCH-2, Savita, Shanker 4 31mm FIne, Shanker 6 (B) 30mm FIne, Surabi, Suvin 40mm (F), Suyodhar (Ginned), V-797 22mm FIne, Varalakshmi (Ginned), Varalaxmi, Varalaxmi (A) 36mm (1-13/32)F, Wagad 20mm (F), Without Ginned Cotton, Y-1, Y-1/ Jyoti 24mm. FIne, lra (Unginned)"
Cotton Seed,3,"Binola-Organic, Cotton Seed, Other"
Cow,2,"Cow, Other"
Cowpea (Lobia/Karamani),8,"Cowpea (W-S), Cowpea (Whole), Cowpea Dal (Split), Farm, Imported, Jawari/Local, Lobia or Moth, Other"
Cowpea (Veg),4,"Bean Barbati, Cowpea (Veg), Organic, Other"
Cucumbar (Kheera),3,"Cucumbar, Cucumber-Organic, Other"
Cummin Seed (Jeera),10,"Bold, Chalu, Common, Cumin-Organic, Cummin Seed (Jeera), Desi, Medium, Other, Pili, Superfine"
Custard Apple (Sharifa),2,"Custard Apple (Sharifa), Other"
Daila (Chandni),2,"Dalia (Chandani), Other"
Dal (Avare),2,"Avare (Whole), Other"
Dalda,2,"Dalda, Other"
Delha,2,"Delha, Other"
Dhaincha,2,"Other, Punjab Dhaincha-1"
Drumstick,2,"Drumstick, Other"
Dry Chillies,36,"1st Sort, 2nd Sort, 3rd Sort, BCL, Bold 1, Bold 2, Byadgi, Chincholi, DCL, Dabbi, Desi, Dry, Dry 1st Sort, Dry 2nd Sort, Dry Chillies, Fine 2, Fine Variety 1, G. I. 1, G. I. 2, GT, Guntur, Hybrid, Kaddi, Kiran, Local, Mankattu, Mysore, Other, Pushajwala, Red, Red New, Red Top, Sankeswara, Single Patti, Talu, White"
Dry Fodder,2,"Dry Fodder, Other"
Dry Grapes,2,"Dry Grapes, Other"
Duck,2,"Local, Other"
Duster Beans,2,"Duster Beans, Other"
Egg,2,"Egg, Other"
Egypian Clover (Barseem),1,Other
Elephant Yam (Suran),2,"Elephant Yam (Suran), Other"
Elephant Yam (Suran)/Amorphophallus,3,"Amorphophallus, Elephant Yam (Suran), Other"
Field Pea,4,"Field Pea, Foeld Pea-48, Other, PG-3"
Fig (Anjura/Anjeer),2,"Anjura, Other"
Firewood,2,"Firewood, Other"
Fish,26,"Bata Putti, Black Dom, Blue Dom, Chilwa, Fish, Halwa, Hilsa, Katla (Big), Katla (Small), Malli (Big), Malli (Small), Mangoor, Other, Pangass, Rahu (Andhra), Rahu (Local), Singhra (Big), Singhra (Small), Sol, Soli, Surmai (Big), Surmali (Small), White Dom, Zinga (Zambo-A), Zinga (Zambo-B), Zinga (Zambo-C)"
Flower Broom,1,Other
Foxtail Millet (Navane),2,"Navane Hybrid, Other"
French Beans (Frasbean),2,"French Beans (Frasbean), Other"
Galgal (Lemon),2,"Galgal (Lemon), Other"
Garlic,10,"Average, China, Desi, Garlic, Garlic-Organic, New Gola, New Laddu, New Medium, Other, UP"
Ghee,2,"Ghee, Other"
Giloy,1,Giloy
Gingelly Oil,2,"Gingelly Oil, Other"
Ginger (Dry),10,"Big/Thick, Dry, Fresh (Assam), Fresh Unbleached, Ginger-Organic, Hybrid, Other, Small, Unbleached, Vegitable-fresh"
Ginger (Green),2,"Green Ginger, Other"
Gladiolus Bulb,1,Other
Gladiolus Cut Flower,2,"Gladiolus Cut Flower, Other"
Goat,2,"Goat, Other"
Gram Raw (Chholia),2,"Gram Raw (Chholia), Other"
Gramflour,2,"Gramflour, Other"
Grapes,10,"Annabesahai, Badami Kai, Black, Espani, Green, Indian, Kata, Natal, Other, White"
Green Avare (W),3,"Avare (W), Green Avare (W), Other"
Green Chilli,2,"Green Chilly, Other"
Green Fodder,2,"Green Fodder, Other"
Green Gram (Moong)(Whole),24,"Ankola, Bold, Extra Bold Imp, Green (Whole), Green Gram Dhall-I, Hybrid, Imp, Jalagan Ganesh, Krishna (Whole), Local, Local (Whole), ML-267, ML-5, ML-613, Mangalore (Split), Medium, Ordinary (Split), Other, SML-134, SML-32, Small, Small (Split), Superfine, TMLC2"
Green Gram Dal (Moong Dal),15,"Bold, Green, Green Gram Dal, Green Gram Dhall-I, Green gram, Hybrid, Jalagan Ganesh, Local, Mangalore (Split), Medium Small, Ordinary (Split), Organic, Other, Small (Split), Superfine"
Green Peas,6,"Gemin Peas Dal, Green Peas, Organic, Other, Pea, White Fozi"
Ground Nut Oil,3,"Ground Nut Oil, Other, Refined Ground Nut Oil"
Ground Nut Seed,3,"Ground Nut Seed, Local, Other"
Groundnut,30,"Balli/Habbu, Big (With Shell), Bold, Bold Kernel, DMV-7, F.A.Q, G20, Gejje, Groundnut seed, Gungri (With Shell), Hybrid, Hyderabad (Red), JL-24, Javeri, K-134, Kadiri-3, Local, M-13, M-335, M-37, M-522, MG-84, Madras, Natte, Other, Peanuts-Organic, Seed, Shelled (Bunch), TMV-2, VRI - 1"
Groundnut (Split),5,"Groundnut (Split), JL-24, Local, Other, TMV-2"
Groundnut pods (raw),2,"Groundnut pods (raw), Other"
Guar,4,"Guaar, Gwar, Organic, Other"
Guar Seed (Cluster Beans Seed),3,"Other, Split, Whole"
Guava,8,"Banarasi, Deshi, Guava, Guava Alahabad, Guava Allahabad, Guava Navalur, Guava Sardar, Other"
Gudmar,1,Gudmaar
Gur (Jaggery),20,"Achhu, Anakapalli, Bharakari, Black, Disara, Jaggery, Khandsari, Kurikatu, Mattikari, Mudde, NO 1, NO 2, NO 3, Nizamabad, Organic, Other, Pathari, Red, Unde, Yellow"
Gurellu,2,"Gurellu, Other"
Haralekai,2,"Heralekai, Other"
He Buffalo,2,"He Baffelo, Other"
Hen,4,"Boiler/Firm (White), Boiler/Firm (White-Brown), Local, Other"
Hippe Seed,2,"Hippe Seed, Other"
Honey,2,"Honey, Other"
Honge seed,2,"Honge Seed, Other"
Hybrid Cumbu,2,"Hybrid Cumbu, Other"
Indian Beans (Seam),3,"Beans or Semi, Indian Beans (Seam), Other"
Indian Colza (Sarson),2,"Indian Colza (Sarson), Other"
Isabgul (Psyllium),4,"Isabgol, Isabgul (Psyllium), Organic, Other"
Jack Fruit,2,"Jack Fruit, Other"
Jack Fruit (Ripe),2,"Jack Fruit, Other"
Jaffri,2,"Jaffri, Other"
Jaggery,8,"Achhu, Anakapalli, Black, Kurikatu, Nizamabad, Other, Unde, Yellow"
Jamamkhan,2,"Jamamkhan, Other"
Jamun (Narale Hannu),2,"Jamun, Other"
Jarbara,2,"Jerbara, Other"
Jasmine,2,"Jasmine, Other"
Javi,2,"Javi, Other"
Jowar (Sorghum),20,"Annigeri, Bijapur, Bijapur Fine, Bijapur Medium, H.B, H.Y.V., Hybrid, Jowar ( White), Jowar (Yellow), Jowar Hybrid, Jowar-Organic, Kesari, Local, Mungari, Other, Rabi, Red, Renuka, White, Yellow"
Jute,5,"Jute, Other, TD-5, W-5, W-5/TD-5"
Jute Seed,1,Other
Kabuli Chana (Chickpeas-White),11,"Bitkey, Dollar Gram, Dollar Gram-Organic, Double Dollar Chana, Kabul, Kabul Extra bold, Kabul Small, Kabuli Chana (Chickpeas-white), Other, Russian, White (whole)"
Kacholam,2,"Kacholam, Other"
Kakada,2,"Kakada, Other"
Kalmegh,1,Kalmegh
Kankambra,2,"Kankambra, Other"
Karamani,2,"Karamani, Other"
Karbuja (Musk Melon),2,"Karbhuja, Other"
Kartali (Kantola),2,"Kartali (Kantola), Other"
Kharif Mash,1,Other
Khoya,5,"Chaina, Danedar, Dhap, Other, Pindi"
Kinnow,2,"Kinnow, Other"
Knool Khol,2,"Knool Khol, Other"
Kodo Millet (Varagu),4,"Kondo, Kondo-Organic, Other, Varagu"
Kuchur,1,Other
Kulthi (Horse Gram),7,"Fine, Horse Gram, Horse Gram Dal (Split), Horse gram (Whole), Medium, Other, Small"
Kutki,2,"Kutki, Kutki-Organic"
Ladies Finger,1,Ladies Finger
Lak (Teora),6,"Lak (Whole), Lakdal (Split), Lakh, Other, Tivra-Organic, Tiwada"
Leafy Vegetable,2,"Leafy Vegetables, Other"
Lemon,3,"Lemon, Lemon-Organic, Other"
Lentil (Masur)(Whole),6,"Kala Masoor New, Local, Masoor Gola, Masur Dal, Organic, Other"
Lilly,2,"Lily, Other"
Lime,2,"Lime, Other"
Linseed,5,"Flaxseed, LC-185, Linseed, Linseed-Organic, Other"
Lint,3,"D.C.H., Jaydhar, Other"
Litchi,2,"Litchi, Other"
Little gourd (Kundru),2,"Little gourd (Kundru), Other"
Long Melon (Kakri),2,"Long Melon (Kakri), Other"
Lotus,1,Other
Lotus Sticks,2,"Lotus Sticks, Other"
Lukad,2,"Lukad, Other"
Mace,2,"Mace, Other"
Mahedi,2,"Mahedi, Other"
Mahua,7,"Gulli, Mahua, Mahua Flower, Mahua Seed / Bunch, Organic, Other, Toli"
Mahua Seed (Hippe seed),2,"Mahua Seed, Other"
Maida Atta,2,"Maida Atta, Other"
Maize,36,"Deshi Red, Deshi White, Fine, Gajjar, H.Y.V., H.Y.V.(White), Hybrid, Hybrid Red (Cattle Feed), Hybrid Sartaj, Hybrid Yellow (Cattle Feed), Hybrid/Local, Jawari, Kesari, Local, Maize/Corn-Organic, Medium, Megha, Navjot, New Rajasthani, Other, Paras, Partap, Pearl, Popcorn, Poultry Feed (Ex Gujarat), Prakash, Pratap-1, Pro Agro 4212, Punjab Sathi-1, Red, Sweet Corn (For Biscuits), U.P. (Gajjar) New, Vijaya, White (SAFED), White Local, Yellow"
Mango,17,"Amrapali, Badami, Chausa, Dinga, Dusheri, Fazli, Hapus (Alphaso), Keshar, Langra, Malgoa, Neelam, Other, Raspuri, Safeda, Saroli, Surkha, Totapuri"
Mango (Raw-Ripe),2,"Mango - Raw-Ripe, Other"
Maragensu,2,"Maragenasu, Other"
Marasebu,2,"Marasebu, Other"
Marget,2,"Marget, Other"
Marigold (Calcutta),3,"Marigold (Calcutta), Marigold-Organic, Other"
Marigold (loose),2,"Marigold (Loose), Other"
Mash,1,Other
Mashrooms,2,"Mashrooms, Other"
Masur Dal,4,"Kala Masoor New, Masoor Gola, Masur Dal, Other"
Mataki,4,"Mataki (W), Mataki (W-S), Mataki Dal, Other"
Methi (Leaves),3,"Fenugreek-Organic, Methi, Other"
Methi Seeds,6,"Best, Chalu, Fenugreek seed -Organic, Medium, Methiseeds, Other"
Millets,2,"Millets, Other"
Mint (Pudina),2,"Mint (Pudina), Other"
Moath Dal,3,"Moath (W), Moath Dal, Other"
Mousambi (Sweet Lime),4,"Mosambi-Organic, Mousambi, Other, Sweet Lime-Organic"
Muesli,2,"Muesli, Safed Musli"
Muleti,2,"Mulethi-Organic, Muleti"
Mustard,12,"Big 100 Kg, Laha (Sarsib), Lohi Black, Mustard, Mustard-Organic, Other, RLM-619, Rai UP, Sarson (Black), Small 100 Kg, Tiria, Yellow (Black)"
Mustard Oil,2,"Mustard Oil, Other"
Myrobolan (Harad),2,"Myrobolan, Other"
Nearle Hannu,2,"Nerle Hannu, Other"
Neem Seed,5,"Neem, Neem Seed, Neem Seeds-Organic, Neem leaves, Other"
Nelli Kai,1,Other
Niger Seed (Ramtil),3,"Niger Seed, Other, Ramatilli"
Nutmeg,2,"Nutmeg, Other"
Onion,26,"1st Sort, 2nd Sort, Bangalore-Samall, Beelary-Red, Bellary, Big, Bombay (U.P.), Dry F.A.Q., Hybrid, Local, Medium, Nasik, New Pune, Onion, Onion-Organic, Other, Pole, Puna, Pusa-Red, Red, Small, Small - I, Small No. II, Telagi, Tripur, White"
Onion Green,2,"Onion Green, Other"
Orange,9,"Darjeeling, Inferior, Medium, NC, Nagpuri, Orange, Orange-Organic, Other, Sikkim Mandrin"
Orchid,2,"Orchid, Other"
Other Pulses,1,Other
Other green and fresh vegetables,3,"Other, Other green and fresh vegetables, Other green and fresh vegetables-Organic"
Ox,2,"Other, Ox"
Paddy (Basmati),6,"1121, Basmati, Basmati 1509, Other, Sugandha, SuperFine (Basmati)"
Paddy (Common),71,"1001, 1121, ADT 37, ADT 38, ADT 39, AST 16, B P T, Basmati, Basmati 1509, Common, D.B., DP, Dhan, Dubaraj, Fine, G. R. 11, HMT, Hansa, Hassan Dappa, I.R. 36, I.R. 49, I.R. 64, I.R. 8, I.R.-64, Jaya, Jeerashankar, Kaalimoonch, Kalanamak, Khadwan, Kranti, Kshatriya, MTU-1001, MTU-1008, MTU-1010, MTU-1156, Mahamaya, Masuri, Nellore Sanna, Om 3, Other, PY. 03, Paddy, Paddy Coarse, Paddy Dappa, Paddy Jyoti, Paddy Kaddi, Paddy Malnad gidda, Paddy Medium, Paddy fine, Paddy-Organic, Padma, Pommani, Ponni, Puspa (MR 301), RB Gold, Rajahamsa, Red, Samba Masuri, Sambar, Sanna Bhatta, Sarvati, Shriram, Sinna Ponni, Sona, Sona Mahsuri, Sugandha, Super Ponni, SuperFine (Basmati), Swarna Masuri (New), Swarna Masuri (OLD), White Ponni"
Paddy (Dhan)(Basmati),6,"1121, Basmati 1509, Basumathi, Other, Sugandha, SuperFine (Basmati)"
Paddy (Dhan)(Common),183,"1001, 1121, 5001, 930, A. Ponni, ADT 36, ADT 37, ADT 38, ADT 39, ADT 42, ADT 43, AST 16, AST 17, AST 18, AST 19, AST 20, AST 40, AST 64, Akkullu, Alur Sanna, Anekombu Sanna, Anekowe, Annapoorna, B P T, B. T., B.A.M. 3, B.C.P. 2, Balesuli, Bangarakaddi, Bangarakovi, Bangarasanna, Bangaru Teegalu, Baniwal, Basangi, Basmati 1509, Basumathi, Batana, Bellarysanna, Buduma, Byra (Red Rice), C - 9672, C.O. 2, C.O. 29, Chaitanya, Champakali, China Sanna, Chitti Muthyalu, Co. 34, Co. 42, Co. 43, Co. 72, Common, Culture, D.B., DP, Dehradun, Dhan, Dubaraj, ES 18, Emergency, Erra Mallelu, Farm Kaddi, Fine, G - 2097, G. R. 11, G.E.B., Gottelu, Gowri Sanna, HMT, Halubbulu (H 137), Hansa, Hassan Dappa, I.R. 20, I.R. 36, I.R. 43, I.R. 49, I.R. 50, I.R. 64, I.R. 8, I.R. 80, I.R.-64, IET 1444, Intan, J 13, Jaganath, Jawahar, Jaya, Jeerashankar, Jenugudu, Kaalimoonch, Kalabhu, Kandhagiri, Karekagga, Kavya, Kesari (Coorg), Kichadi, Kipila Sanna, Kranti, Kshatriya, MTU-1001, MTU-1008, MTU-1010, MTU-2077, Madhu (MR 136), Madurai, Mandyavani, Mangala (MR 272), Manila, Masuri, Molagolukulu (New), Mughulu, Mull - Bhatte, NO. 104, NO. 2067, NO. 2508, NO. 2716, NO. 4 - 14, NO. 8089, Nellore Sanna, Numberlu, Other, PY. 01, PY. 03, Paddy, Paddy Arti - Masuri, Paddy Coarse, Paddy Dappa, Paddy Jyoti, Paddy Kaddi, Paddy Malnad gidda, Paddy Medium, Paddy Sirla, Paddy Vijaya, Paddy emerigency, Paddy fine, Paddy-Organic, Padma, Papatla, Phalguna, Pommani, Ponni, Puspa (MR 301), Putta - Bhatta ( White rice), R.D.R, R.P. 4 - 14, R.P. 6 - 17, Rajahamsa, Rajbhog, Rasi, Rasulu, Ratna, RatnaChudi (5-718 5-749), Red, S. I. O. 19, Sabnam, Samba Masuri, Sambar, Sanna Anekal, Sanna Bhatta, Sanna Honsu, Sannalu, Sarvati, Shakti, Sinna Ponni, Sona, Sona Mahsuri, Sona Masuri (OLD), Sugandha, Super Ponni, SuperFine (Basmati), Surekha, Swarna Masuri (New), Swarna Masuri (OLD), TKM 9, TY 01, Tallahamsa (Bilihamsa), Thulasi, Vaigai, Vijaya Masuri, Warangal Culture, White Car, White Ponni, andrasanna"
Palash flowers,1,Palash Flowers
Papaya,3,"Other, Papaya, Papaya-Organic"
Papaya (Raw),2,"Other, Papaya (Raw)"
Patti Calcutta,2,"Other, Patti Calcutta"
Pea Pod/Pea Cod/हरी मटर,4,"Local, Other, Pea, Peas cod"
Peach,2,"Other, Peach"
Pear (Marasebu),3,"Other, Pear-Organic, Pears"
Peas (Dry),2,"Other, Peas (Dry)"
Peas Wet,2,"Other, Peas Wet"
Peas cod,3,"Other, Pea, Peas cod"
Pegeon Pea (Arhar Fali),2,"Other, Pigeon Pea (Arhar Fali)"
Pepper garbled,1,Other
Pepper ungarbled,1,Other
Persimon (Japani Fal),2,"Other, Persimon (Japani Fal)"
Pigs,2,"Other, Pigs"
Pineapple,2,"Other, Pine Apple"
Plum,3,"Other, Plum, Plum-Organic"
Pointed gourd (Parval),3,"Organic, Other, Pointed gourd (Parval)"
Polherb,1,Other
Pomegranate,3,"Other, Pomegranate-Organic, Pomogranate"
Potato,24,"(Red Nanital), Badshah, Big, Chandermukhi, Chips, Desi, F.A.Q., Great Scott, Haldwani, Jalander, Jyoti, Kuber, Kufri Giriraj, Kufri Khasi_garo, Kufri Megha, Local, Military special, Other, Potato, Potato-Organic, Red, Red Nanital, Shimla, Sinduri"
Pumpkin,3,"Other, Pumpkin, pumpkin-Organic"
Pundi,1,Other
Pundi Seed,2,"Other, Pundi Seed"
Pupadia,2,"Pupadia, Pupadia-Organic"
Raddish,3,"Other, Raddish, Radish-Organic"
Ragi (Finger Millet),9,"Feeds (Poultry Quality), Fine, Hybrid, Kusume, Local, Medium, Medium Fine, Other, Red"
Raibel,2,"Other, Raibel"
Rajgir,3,"Other, Rajgir, Rajgira"
Ram,2,"Other, Ram"
Rat Tail Radish (Mogari),2,"Other, Rat Tail Radish (Mogari)"
Ratanjot,1,Ratanjot
Raya,3,"Other, PBR-91, RLM-619"
Red Gram,16,"(Whole), AL-15, AL-201, Big (Bhopal) (Split), Desi (Whole), F.A.Q. (Whole), Hybrid, Local, Malka, Masuri (W-S), Ordinary (Split), Other, PPII-4, Small (Whole), T-21, U.P. (Split)"
Resinwood,1,Other
Riccbcan,2,"Other, RBL-1"
Rice,197,"1009 Kar, ADT 39, AP Raw Rice 5293, AP Raw Rice Baptla Ponni, AP Raw Rice PLR Soma, AP Raw Rice SilkyRaw, AP Raw Rice-1001, AP Raw-Rice Sona Ponni, Alur Sanna, Ambemohor Basmati, Amira Mogra Basmati, Amira Tibar Basmati, Amire Full Basmati, Amras Non Basmati, Annapoorna, Arcot Kichikdi, Arti Mashuri, B P T, BT Sona, Balesuli, Bangar Kaddi, Bangarkhovi, Bangarsanna, Bantwal, Basamti Dawat, Basmati, Basmati (Rose), Basmati Car, Basmati Charmi, Basmati Dawat, Basmati Dawat Roz-(20KG), Basmati Golden Sela New, Basmati Golden Sela Old, Basmati Haryana Raw (New), Basmati Haryana Raw (Old), Basmati Haryana Sela (New), Basmati Mogra (Raw/New), Basmati Mogra (Raw/Old), Basmati Paddy, Basmati Silky Kohinoor, Basmati Super Kohinoor, Basmati Trophy, Basmati U.P. (New), Basmati U.P. (Old), Basmati-370, Basmati-385, Basmati-386, Basmatibar (Raw/New), Basmatibar (Raw/Old), Basmatidubar Raw/New, Basmatidubar Raw/Old, Basumathi, Bellary Sanna, Boiled Rice, Broken Rice, Broken Rice (Kanki), CO 36, CO-43 (Medium) Boiled, CR 1009 (Coarse) Boiled, Chinoor, Chintamani Sanna, Coarse, Coarse (I.R.20), Common, Culture Ponni1, Culture Ponni2, Dappa, Dawal Full Basmati, Dawat, Dawat Mogra, Dhoon Full Basmati, Dhoon Tibar Basmati, Doon Kinki Basmati, Dosa Rice, EMR Boiled, Export Parmal, FCI Non Basmati, FCI Parmal, Farm Kaddi, Fine, Fine (Basmati), GMR Steam, Govt. Quality, Gowrisanna, H.Y.V., HMT Fine Raw, HMT Sona Best, HMT Sona Medium, Hamsa St., Hansa, Hassan Dappa, Hmt Rice-Non Basmati, III, IR 20, IR 20 Fine Raw, IR 20 Medium Boiled, IR 50, IR-8, IR-8 Raw (New), IR-8 Raw (Old), IR-8 Sela (New), IR-8 Wand, IR20 Parboiled, Intan, Jaya, Jeera Samba, Jhilli Medium, Kachha Basmati, Kaddi, Kalanamak, Kalimuch, Kapila Sanna, Kattasambar, Kesari (Coorg), Kichudi, Kolam-Non Basmati, Lashkari, Long Bold, Madhu (MR 136), Mandya-vani, Manila, Masoori-Non Basmti, Masuri, Mataa Parboiled, Medium, Milled, Mnadyavani, Motta (Coarse) Boiled, Mull Bhatte, Naya, Nellore Sanna, Non Basmati Kalimunch, Original Basmati, Other, PR-103, PR-106, PR-108, PR-111, Padma, Parimal (New), Parimal (Old), Parmal, Parmal (Paddy), Parmal Raw (New), Parmal Sela, Parmal Selas (New), Parmal Wand, Ponni, Ponni (Fine) Boiled, Ponni Fine Raw, Ponni parboiled, Popular Basmati, Punjab Parmal Non Basmati, Pusa Basmati (Paddy), Pusa Basmati Raw (New), Pusa Basmati Raw (Old), Pusa Basmati Sela (New), Pusa Basmati Sela (Old), Putta Bhatta (White Rice), Rajahamsa, Rasi, Ratnachudi (718 5-749), Rice Bran (Kukuf), Rice Floor, Sadharan, Sambar, Sanna Bhatta, Sanna Honsu, Sarbati Raw, Sarbati Raw (New), Sarbati Raw (Old), Sarbati Sela (Old), Sela Basmati, Shakti, Sharbati (Paddy), Sona, Sona Boiled, Sona Coarse, Sona Fine, Sona Mansoori Non Basmati, Sona Medium, Sona Raw New, Sona Raw Old, Sona St., Sujatha (B. T), Super Fine, Suvarna Best, Suvarna Medium, Swadras Non Basmati, Tallahamsa (Bilihamsa), Tericot Sela, Vijaya, White Car, White Parboiled, Zeeraga Samba Rawrice, andra Sanna, anekombu Sanna"
Ridgeguard (Tori),2,"Other, Ridgeguard (Tori)"
Rose (Local),2,"Other, Rose (Local)"
Rose (Loose)),2,"Other, Rose (Loose)"
Rose (Tata),2,"Other, Rose (Tata)"
Round gourd,2,"Other, Round gourd"
Rubber,2,"Other, RSS-4"
Sabu Dan,2,"Other, Sabu Dan"
Safflower,6,"F.A.Q. Bold, Kusum (Safflower), N.Q., Other, Safflower, Small"
Saffron,2,"Saffron, Saffron-Organic"
Sajje,2,"Other, Sajje"
Same/Savi,6,"Local, Organic, Other, Saanva/Sama, Same/Savi Local, Savo Others"
Sanai/Sunhemp,1,Other
Sarasum,1,Other
Season Leaves,2,"Other, Season Leaves"
Seemebadnekai,2,"Other, Seemebadanekai"
Seetapal,3,"Custard Apple-Organic, Other, Seethaphal"
"Sesamum (Sesame,Gingelly,Til)",14,"95/5, Black, Chitti, Crushing, Gajjar, Nylon Til, Other, Punjab Til No.1, RC-289, Red, Sesame, Sesame or Til-Organic, White, Whitish"
She Buffalo,2,"Other, She Baffelo"
She Goat,2,"Other, She Goat"
Sheep,4,"Other, Sheep Large, Sheep Medium, Sheep Small"
Siddota,2,"Other, Siddota"
Skin And Hide,1,Other
Snakeguard,4,"Other, Sarpagandha, Sarpagandha-Organic, Snakeguard"
Soanf,3,"Fennel-Organic, Other, Soanf"
Soapnut (Antawala/Retha),3,"Fine New, Medium, Other"
Soji,4,"Bansi Soji, Other, Soji, White Soji"
Sompu,2,"Chalu, Other"
Soyabean,7,"Black, Local, Other, Soyabeen, Soybean-Organic, Sup, Yellow"
Spinach,3,"Organic, Other, Spinach"
Sponge gourd,3,"Organic, Other, Sponge gourd"
Squash (Chappal Kadoo),2,"Other, Squash (Chappal Kadoo)"
Sugar,8,"Chini, Fine, Khand, M-30, Medium, Other, S-30, Shakkar"
Sugarcane,3,"Local, Other, Sugarcane"
Sunflower,13,"Bold, F.A.Q., GKFSH-2002, Hybrid, JawalaMukhi, Local, MSFH 8, Mega 363, NSFH-592, Other, PSFH-6, SH-3322, Sunflower"
Sunflower Seed,2,"Other, Sunflower Seed"
Sunflower/Sunflower Seed,4,"Hybrid, Other, Sunflower, Sunflower Seed"
Sunhemp,4,"Organic, Other, Sun, Sunhemp"
Suram,2,"Other, Suram"
Surat Beans (Papadi),2,"Other, Surat Beans (Papadi)"
Suva (Dill Seed),3,"Other, Suva, Suva (Dill Seed)"
Suvarna Gadde,1,Suvarnagadde
Sweet Potato,4,"Hosur Green, Hosur Red, Other, Sweet Potato"
Sweet Pumpkin,2,"Other, Sweet Pumpkin"
T.V. Cumbu,2,"Other, T.V. Cumbu"
Tamarind Fruit,16,"Chapathi, Flower A/c, Karpuli A/c Fine, Karpuli A/c Medium, Non A/c Fine, Non A/c Flower, Old Fine, Old Medium, Organic, Other, Seedless 1Variety, Seedless 2Variety, Tamarind, Tamarind Fruit, With Seed 1Variety, With Seed 2Variety"
Tamarind Seed,2,"Other, Tamarind Seed"
Tapioca,2,"Other, Tapioca"
Taramira,2,"Other, Taramira"
Tea,6,"All Dust, Assam C.T.C. Dust, Assam C.T.C. Leaf, C.T.C. Dust, Cachar C.T.C. Leaf, Other"
Tender Coconut,2,"Other, Tender Coconut"
Thinai (Italian Millet),2,"Other, Thinai (Italian Millet)"
Thogrikai,2,"Other, Thogarikai"
Thondekai,2,"Other, Thondekai"
Tinda,3,"Organic, Other, Tinda"
Tobacco,5,"Beedi, Chewing, Other, Tobacco, Verginia"
Tomato,6,"Deshi, Hybrid, Local, Other, Sankar, Tomato"
Torchwood,1,Other
Toria,3,"Other, PBT-37, Toria"
Tube Flower,2,"Other, Tube Flower"
Tube Rose (Double),2,"Other, Tube Rose (Double)"
Tube Rose (Loose),2,"Other, Tube Rose (Loose)"
Tube Rose (Single),2,"Other, Tube Rose (Single)"
Tulip,1,Tulip
Turmeric,16,"Bulb, Cured, Dry, Erode K.K.S., Finger, Local, Other, Phode, Rajapuri, Rajmundhry, Root, Turmeric, Turmeric Powder, Turmeric Round, Turmeric Stick, Turmeric-Organic"
Turmeric (raw),2,"Other, Turmeric (raw)"
Turnip,3,"Organic, Other, Turnip"
Walnut,2,"Other, Walnut"
Water Melon,2,"Other, Water Melon"
Wheat,81,"147 Average, 147 Best, 1482, 2189 No. 1, 2189 No. 2, 2329, 343, Bansi, C-83, Chandausi, Coarse, Dara, Dara Mill Quality, Deshi, Farmi, GW 273, H.D., HD-2329, Hand Clean Bold New, Hybrid, Jawari, Kalawal, Kalyan, Kanak, Kirthi, Local, Lok -1 (Nilami Rate), Lok-1, Lok-1 Best, Lokwan, Lokwan Binar, Lokwan Filter, Lokwan Gujrat, Lokwan MP No. 1, Lokwan MP No. 2, MP (Desi), MP 147, MP 308, MP Lokwan, MP Quality, MP Sharbati, Maharashtra 2189, Malwa Shakti, Medium, Medium Fine, Mexican, Milbar, Mill Quality, Mohan Mondal, Other, PBW-154, PBW-299, PBW-34, PBW-343, PBW-373, PDW-233, PISSI, Punjab - Sona Kalyan, Punjab-Mill Dhada, RR21, Raj-3765, Rajasthan Lokwab, Rajasthan Tukdi, Red, Sechor No. 1, Sehor No. 2, Sharbati, Sona, Sonalika, Sujata, Super Fine, Superior, TL-1210, U.P. 301, UP 308, WH-542, WL711, Wheat, Wheat Mix, Wheat-Organic, White"
Wheat Atta,2,"Other, Wheat Atta"
White Muesli,2,"Safed Musli-Organic, White Muesli"
White Peas,3,"Gota, Other, White Peas"
White Pumpkin,2,"Other, White Pumpkin"
Wood,18,"Beete (Rose), Casuarina, Eucalyptus, Ganjan, Hanimattl, Honne, Iyani, Jack Tree, Kalan, Mango Tree, Matthi, Nandi, Other, Rampatre, Silveroak, Subabul, Teal, White Sedar"
Wool,2,"Other, Wool"
Yam,2,"Other, Yam"
Yam (Ratalu),2,"Other, Yam (Ratalu)"
basil,4,"Basil, Basil leaves, Basil seed, Basil wild"
buttery,2,"Buttery, Buttery-Organic"
dhawai flowers,1,Flowers of Dhavai
dried mango,6,"Aam khatai, Amacaria, Dried Mango-Organic, Other, Pulp free, with pulp"
gulli,2,"Gulli, Gulli-Organic"
karanja seeds,1,Karanja Seeds
kutki,1,Kutki/gnat
liquor turmeric,1,Daru haldi
mango powder,2,"Amchoor-Organic, Amchur"
nigella,1,Kalonji
nigella seeds,3,"Kalonji, Kalonji/Nigella, nigella seeds-Organic"
poppy seeds,4,"Khaskhas, Other, Poppy seed, Poppy seeds-Organic"
sanay,1,Sennai
spikenard,1,jatamasi
stevia,1,Stevia
stone pulverizer,1,Stone Crusher
tulip,1,Tulip
vadang,1,Y Windg
